time_ms,x,y,moving,phase,pose,captured_frame
15,0,0,0,0,hero_ne,-1
30,0,0,0,0,hero_ne,-1
45,0,0,0,0,hero_ne,-1
60,5,-5,1,0.0732563,hero_walk0_ne,0
75,5,-5,0.875,0.0732563,hero_walk0_ne,-1
90,5,-5,0.765625,0.0732563,hero_walk0_ne,-1
105,10,-10,1,0.146513,hero_walk1_ne,-1
120,10,-10,0.875,0.146513,hero_walk1_ne,1
135,10,-10,0.765625,0.146513,hero_walk1_ne,-1
150,15,-15,1,0.219769,hero_walk1_ne,-1
165,15,-15,0.875,0.219769,hero_walk1_ne,-1
180,15,-15,0.765625,0.219769,hero_walk1_ne,2
195,15,-15,0.669922,0.219769,hero_walk1_ne,-1
210,20,-20,1,0.293025,hero_walk2_ne,-1
225,20,-20,0.875,0.293025,hero_walk2_ne,-1
240,20,-20,0.765625,0.293025,hero_walk2_ne,3
255,25,-25,1,0.366282,hero_walk2_ne,-1
270,25,-25,0.875,0.366282,hero_walk2_ne,-1
285,25,-25,0.765625,0.366282,hero_walk2_ne,-1
300,30,-30,1,0.439538,hero_walk3_ne,4
315,30,-30,0.875,0.439538,hero_walk3_ne,-1
330,30,-30,0.765625,0.439538,hero_walk3_ne,-1
345,30,-30,0.669922,0.439538,hero_walk3_ne,-1
360,35,-35,1,0.512794,hero_walk4_ne,5
375,35,-35,0.875,0.512794,hero_walk4_ne,-1
390,35,-35,0.765625,0.512794,hero_walk4_ne,-1
405,40,-40,1,0.586051,hero_walk4_ne,-1
420,40,-40,0.875,0.586051,hero_walk4_ne,6
435,40,-40,0.765625,0.586051,hero_walk4_ne,-1
450,45,-45,1,0.659307,hero_walk5_ne,-1
465,45,-45,0.875,0.659307,hero_walk5_ne,-1
480,45,-45,0.765625,0.659307,hero_walk5_ne,7
495,45,-45,0.669922,0.659307,hero_walk5_ne,-1
510,50,-50,1,0.732563,hero_walk5_ne,-1
525,50,-50,0.875,0.732563,hero_walk5_ne,-1
540,50,-50,0.765625,0.732563,hero_walk5_ne,8
555,55,-55,1,0.80582,hero_walk6_ne,-1
570,55,-55,0.875,0.80582,hero_walk6_ne,-1
585,55,-55,0.765625,0.80582,hero_walk6_ne,-1
600,60,-60,1,0.879076,hero_walk7_ne,9
615,60,-60,0.875,0.879076,hero_walk7_ne,-1
630,60,-60,0.765625,0.879076,hero_walk7_ne,-1
645,60,-60,0.669922,0.879076,hero_walk7_ne,-1
660,65,-65,1,0.952332,hero_walk7_ne,10
675,65,-65,0.875,0.952332,hero_walk7_ne,-1
690,65,-65,0.765625,0.952332,hero_walk7_ne,-1
705,70,-70,1,0.0255887,hero_walk0_ne,-1
720,70,-70,0.875,0.0255887,hero_walk0_ne,11
735,70,-70,0.765625,0.0255887,hero_walk0_ne,-1
750,75,-75,1,0.098845,hero_walk0_ne,-1
765,75,-75,0.875,0.098845,hero_walk0_ne,-1
780,75,-75,0.765625,0.098845,hero_walk0_ne,12
795,75,-75,0.669922,0.098845,hero_walk0_ne,-1
810,80,-80,1,0.172101,hero_walk1_ne,-1
825,80,-80,0.875,0.172101,hero_walk1_ne,-1
840,80,-80,0.765625,0.172101,hero_walk1_ne,13
855,85,-85,1,0.245358,hero_walk1_ne,-1
870,85,-85,0.875,0.245358,hero_walk1_ne,-1
885,85,-85,0.765625,0.245358,hero_walk1_ne,-1
900,90,-90,1,0.318614,hero_walk2_ne,14
915,90,-90,0.875,0.318614,hero_walk2_ne,-1
930,90,-90,0.765625,0.318614,hero_walk2_ne,-1
945,90,-90,0.669922,0.318614,hero_walk2_ne,-1
960,95,-95,1,0.39187,hero_walk3_ne,15
975,95,-95,0.875,0.39187,hero_walk3_ne,-1
990,95,-95,0.765625,0.39187,hero_walk3_ne,-1
1005,100,-100,1,0.465127,hero_walk3_ne,-1
1020,100,-100,0.875,0.465127,hero_walk3_ne,16
1035,100,-100,0.765625,0.465127,hero_walk3_ne,-1
1050,105,-105,1,0.538383,hero_walk4_ne,-1
1065,105,-105,0.875,0.538383,hero_walk4_ne,-1
1080,105,-105,0.765625,0.538383,hero_walk4_ne,17
1095,105,-105,0.669922,0.538383,hero_walk4_ne,-1
1110,110,-110,1,0.611639,hero_walk4_ne,-1
1125,110,-110,0.875,0.611639,hero_walk4_ne,-1
1140,110,-110,0.765625,0.611639,hero_walk4_ne,18
1155,115,-115,1,0.684896,hero_walk5_ne,-1
1170,115,-115,0.875,0.684896,hero_walk5_ne,-1
1185,115,-115,0.765625,0.684896,hero_walk5_ne,-1
1200,120,-120,1,0.758152,hero_walk6_ne,19
1215,120,-120,0.875,0.758152,hero_walk6_ne,-1
1230,120,-120,0.765625,0.758152,hero_walk6_ne,-1
1245,120,-120,0.669922,0.758152,hero_walk6_ne,-1
1260,125,-125,1,0.831408,hero_walk6_ne,20
1275,125,-125,0.875,0.831408,hero_walk6_ne,-1
1290,125,-125,0.765625,0.831408,hero_walk6_ne,-1
1305,130,-130,1,0.904665,hero_walk7_ne,-1
1320,130,-130,0.875,0.904665,hero_walk7_ne,21
1335,130,-130,0.765625,0.904665,hero_walk7_ne,-1
1350,135,-135,1,0.977921,hero_walk7_ne,-1
1365,135,-135,0.875,0.977921,hero_walk7_ne,-1
1380,135,-135,0.765625,0.977921,hero_walk7_ne,22
1395,135,-135,0.669922,0.977921,hero_walk7_ne,-1
1410,140,-140,1,0.0511774,hero_walk0_ne,-1
1425,140,-140,0.875,0.0511774,hero_walk0_ne,-1
1440,140,-140,0.765625,0.0511774,hero_walk0_ne,23
1455,145,-145,1,0.124434,hero_walk0_ne,-1
1470,145,-145,0.875,0.124434,hero_walk0_ne,-1
1485,145,-145,0.765625,0.124434,hero_walk0_ne,-1
1500,150,-150,1,0.19769,hero_walk1_ne,24
1515,150,-150,0.875,0.19769,hero_walk1_ne,-1
1530,150,-150,0.765625,0.19769,hero_walk1_ne,-1
1545,150,-150,0.669922,0.19769,hero_walk1_ne,-1
1560,155,-155,1,0.270946,hero_walk2_ne,25
1575,155,-155,0.875,0.270946,hero_walk2_ne,-1
1590,155,-155,0.765625,0.270946,hero_walk2_ne,-1
1605,160,-160,1,0.344203,hero_walk2_ne,-1
1620,160,-160,0.875,0.344203,hero_walk2_ne,26
1635,160,-160,0.765625,0.344203,hero_walk2_ne,-1
1650,165,-165,1,0.417459,hero_walk3_ne,-1
1665,165,-165,0.875,0.417459,hero_walk3_ne,-1
1680,165,-165,0.765625,0.417459,hero_walk3_ne,27
1695,165,-165,0.669922,0.417459,hero_walk3_ne,-1
1710,170,-170,1,0.490715,hero_walk3_ne,-1
1725,170,-170,0.875,0.490715,hero_walk3_ne,-1
1740,170,-170,0.765625,0.490715,hero_walk3_ne,28
1755,175,-175,1,0.563972,hero_walk4_ne,-1
1770,175,-175,0.875,0.563972,hero_walk4_ne,-1
1785,175,-175,0.765625,0.563972,hero_walk4_ne,-1
1800,180,-180,1,0.637228,hero_walk5_ne,29
1815,180,-180,0.875,0.637228,hero_walk5_ne,-1
1830,180,-180,0.765625,0.637228,hero_walk5_ne,-1
1845,180,-180,0.669922,0.637228,hero_walk5_ne,-1
1860,180,-180,0.586182,0.637228,hero_walk5_ne,30
1875,180,-180,0.512909,0.637228,hero_walk5_ne,-1
1890,180,-180,0.448795,0.637228,hero_walk5_ne,-1
1905,180,-180,0.392696,0.637228,hero_walk5_ne,-1
1920,180,-180,0.343609,0.637228,hero_walk5_ne,31
1935,180,-180,0.300658,0.637228,hero_walk5_ne,-1
1950,180,-180,0.263076,0.637228,hero_walk5_ne,-1
1965,180,-180,0.230191,0.637228,hero_walk5_ne,-1
1980,180,-180,0.201417,0.637228,hero_walk5_ne,32
1995,180,-180,0.17624,0.637228,hero_ne,-1
2010,180,-180,0.15421,0.637228,hero_ne,-1
2025,180,-180,0.134934,0.637228,hero_ne,-1
2040,180,-180,0.118067,0.637228,hero_ne,33
2055,180,-180,0.103309,0.637228,hero_ne,-1
2070,180,-180,0.0903951,0.637228,hero_ne,-1
2085,180,-180,0.0790957,0.637228,hero_ne,-1
2100,180,-180,0.0692088,0.637228,hero_ne,34
2115,180,-180,0.0605577,0.637228,hero_ne,-1
2130,180,-180,0.052988,0.637228,hero_ne,-1
2145,180,-180,0.0463645,0.637228,hero_ne,-1
2160,180,-180,0.0405689,0.637228,hero_ne,35
2175,180,-180,0.0354978,0.637228,hero_ne,-1
2190,180,-180,0.0310606,0.637228,hero_ne,-1
2205,180,-180,0.027178,0.637228,hero_ne,-1
2220,180,-180,0.0237807,0.637228,hero_ne,36
2235,180,-180,0.0208082,0.637228,hero_ne,-1
2250,180,-180,0.0182071,0.637228,hero_ne,-1
2265,180,-180,0.0159312,0.637228,hero_ne,-1
2280,180,-180,0.0139398,0.637228,hero_ne,37
2295,180,-180,0.0121974,0.637228,hero_ne,-1
2310,180,-180,0.0106727,0.637228,hero_ne,-1
2325,180,-180,0.0093386,0.637228,hero_ne,-1
2340,180,-180,0.00817128,0.637228,hero_ne,38
2355,180,-180,0.00714987,0.637228,hero_ne,-1
2370,180,-180,0.00625613,0.637228,hero_ne,-1
2385,180,-180,0.00547412,0.637228,hero_ne,-1
2400,180,-180,0.00478985,0.637228,hero_ne,39
